inventory_id,date_id,product_id,store_id,beginning_quantity,ending_quantity,units_received,units_sold,units_damaged,reorder_point,reorder_quantity
I02458837,20230219,P0394,S047,9,45,40,1,3,27,43
I01401858,20230219,P0451,S027,72,60,11,19,4,28,38
I01799371,20230521,P0951,S034,23,36,28,14,1,22,34
I00604456,20231029,P0405,S012,70,73,11,3,5,18,35
I00318252,20231001,P0005,S007,100,121,22,0,1,28,48
I00280686,20231217,P0296,S006,45,69,28,1,3,19,32
I02520014,20230604,P0548,S048,27,14,17,26,4,12,38
I01942107,20230709,P0644,S037,11,51,50,5,5,29,34
I02343015,20231029,P0208,S045,19,21,19,15,2,24,20
I00845343,20231112,P0950,S016,73,63,18,24,4,19,22
I00623858,20231126,P0771,S012,72,61,2,9,4,11,42
I01311479,20231119,P0745,S025,31,36,24,17,2,13,22
I00708667,20230122,P0372,S014,87,114,32,3,2,19,40
I00190050,20231105,P0586,S004,92,94,17,15,0,15,28
I01712927,20230514,P0320,S033,66,39,28,55,0,22,43
I01466279,20230820,P0666,S028,25,0,2,25,2,10,32
I01856909,20230101,P0037,S036,37,62,37,11,1,28,42
I01492073,20230423,P0153,S029,97,83,49,58,5,28,33
I02313328,20230910,P0648,S044,94,106,20,5,3,28,50
I02620715,20230611,P0448,S050,4,43,48,4,5,19,47
I02638209,20230709,P0778,S050,86,43,0,41,2,29,23
I01685481,20230709,P0802,S032,45,24,17,35,3,22,41
I02307015,20230730,P0529,S044,89,64,34,59,0,16,46
I01306893,20230507,P0659,S025,85,37,29,76,1,21,44
I01751355,20230604,P0045,S034,25,18,7,10,4,26,45
I02518990,20230205,P0529,S048,40,49,24,14,1,22,44
I00732687,20230409,P0825,S014,86,80,9,10,5,28,24
I02470627,20230806,P0616,S047,70,8,10,67,5,20,24
I02351970,20231015,P0377,S045,24,31,31,24,0,27,40
I00881822,20230219,P0639,S017,17,16,6,5,2,12,50
I00287351,20230917,P0422,S006,45,65,33,11,2,23,32
I01253373,20230716,P0649,S024,1,44,48,1,4,23,33
I02294127,20230528,P0286,S044,9,42,40,3,4,25,23
I02355038,20230903,P0435,S045,33,39,29,19,4,30,24
I01792041,20230129,P0813,S034,49,43,43,47,2,21,45
I01944231,20230806,P0684,S037,73,87,21,4,3,18,42
I02443522,20230305,P0105,S047,94,64,12,41,1,26,30
I01587241,20231210,P0948,S030,71,100,50,17,4,26,27
I00529589,20230326,P0993,S010,13,17,19,13,2,11,30
I00930766,20230813,P0562,S018,15,32,27,7,3,28,47
I00282155,20230903,P0324,S006,79,54,14,35,4,20,32
I00499366,20231231,P0422,S010,95,87,40,45,3,29,37
I00651821,20230702,P0299,S013,69,70,23,20,2,11,20
I00753986,20230219,P0227,S015,38,11,11,34,4,15,44
I01499298,20230820,P0289,S029,18,35,25,4,4,28,26
I01711545,20230416,P0294,S033,83,52,4,31,4,18,39
I02280258,20230924,P0024,S044,73,21,3,53,2,28,31
I01224240,20231112,P0099,S024,9,5,1,3,2,28,48
I00130542,20230115,P0464,S003,81,81,6,3,3,18,21
I01541171,20230910,P0079,S030,95,81,41,50,5,15,44
I01353787,20230219,P0544,S026,40,50,26,14,2,22,31
I02466733,20230212,P0543,S047,39,62,33,8,2,11,45
I00794653,20230611,P0994,S015,22,50,38,8,2,13,20
I00723468,20230430,P0651,S014,33,61,33,3,2,21,39
I00805236,20230212,P0194,S016,4,47,47,0,4,18,26
I01402220,20231224,P0457,S027,3,44,44,0,3,29,47
I00234529,20230122,P0426,S005,34,41,9,2,0,20,29
I00712165,20230122,P0438,S014,17,40,34,6,5,14,39
I01410729,20230709,P0618,S027,66,54,18,30,0,30,48
I01452073,20230806,P0398,S028,14,43,42,8,5,21,36
I01628450,20230618,P0726,S031,73,51,33,55,0,10,25
I02385401,20230723,P0008,S046,36,63,31,0,4,27,24
I00824782,20231203,P0562,S016,93,54,48,84,3,15,23
I00345148,20230319,P0513,S007,32,76,49,0,5,13,20
I02202595,20230521,P0559,S042,77,74,15,18,0,21,31
I01883195,20231224,P0532,S036,96,106,44,34,0,21,26
I00666730,20231022,P0580,S013,20,43,30,6,1,24,30
I00501951,20231008,P0471,S010,27,45,34,11,5,15,49
I02640487,20230702,P0821,S050,89,85,12,15,1,16,34
I02037872,20230528,P0451,S039,48,11,7,42,2,23,42
I00629158,20231126,P0871,S012,12,42,40,10,0,21,35
I00119713,20230924,P0259,S003,16,1,1,11,5,19,36
I00106572,20231015,P0011,S003,6,23,23,6,0,13,42
I00946880,20230827,P0866,S018,49,64,42,23,4,28,31
I01330662,20231029,P0107,S026,13,39,38,12,0,17,35
I00416681,20231126,P0862,S008,7,11,4,0,0,29,21
I01360786,20230312,P0676,S026,67,87,50,25,5,29,28
I02167206,20230903,P0891,S041,51,45,18,20,4,22,41
I01534858,20230730,P0960,S029,85,75,34,42,2,11,26
I02312787,20230625,P0638,S044,7,6,11,7,5,20,44
I00566668,20231105,P0692,S011,67,73,40,33,1,12,20
I01530584,20231210,P0879,S029,6,46,44,3,1,18,30
I01317303,20231008,P0855,S025,57,14,1,44,0,21,30
I01388482,20231008,P0198,S027,15,34,29,8,2,24,44
I00235515,20230903,P0444,S005,22,38,26,9,1,10,39
I02639853,20230716,P0809,S050,13,31,32,10,4,15,34
I02620650,20230319,P0447,S050,52,69,41,23,1,27,28
I00274313,20230917,P0176,S006,54,15,11,48,2,20,43
I02462701,20230115,P0467,S047,89,78,33,42,2,30,49
I00786544,20230611,P0841,S015,78,43,16,47,4,29,24
I00460489,20230618,P0689,S009,80,8,4,74,2,20,26
I01563190,20230219,P0495,S030,20,41,34,12,1,10,36
I00879675,20230820,P0598,S017,87,25,4,62,4,23,20
I01879862,20230129,P0470,S036,44,46,25,22,1,26,40
I00152026,20230528,P0869,S003,99,22,24,97,4,10,35
I00581588,20230507,P0974,S011,66,57,39,45,3,12,32
I01456191,20230416,P0476,S028,20,13,3,7,3,13,31
I01842631,20230813,P0767,S035,1,30,29,0,0,29,27
I01544745,20230212,P0147,S030,9,19,13,1,2,25,38
I00842118,20230101,P0890,S016,78,66,48,60,0,11,47
I00591932,20230709,P0169,S012,79,52,50,74,3,11,46
I01984076,20230521,P0436,S038,82,9,10,79,4,23,43
I00095829,20230129,P0809,S002,48,60,45,30,3,10,50
I02356658,20230326,P0466,S045,34,63,50,17,4,16,23
I00213848,20231112,P0035,S005,100,48,48,97,3,19,40
I00596086,20231126,P0247,S012,33,27,31,32,5,13,33
I02100649,20231119,P0635,S040,33,71,46,8,0,13,39
I01978772,20230423,P0336,S038,47,47,4,2,2,27,50
I02112977,20230625,P0868,S040,17,57,50,7,3,27,32
I02620569,20230910,P0445,S050,84,65,26,42,3,10,33
I01432266,20231119,P0024,S028,77,94,50,31,2,24,34
I01724181,20230917,P0532,S033,95,21,6,78,2,26,34
I00759895,20230820,P0338,S015,78,36,22,61,3,29,49
I02590300,20230730,P0874,S049,27,37,12,0,2,13,36
I01472822,20230129,P0790,S028,69,43,2,28,0,12,22
I00932618,20230723,P0597,S018,83,81,28,25,5,23,48
I01606264,20231112,P0307,S031,22,12,4,11,3,22,44
I01892835,20231112,P0714,S036,94,66,41,66,3,12,34
I01000771,20230618,P0883,S019,75,110,41,4,2,28,21
I01497163,20230507,P0249,S029,74,109,39,3,1,28,35
I00255726,20230101,P0826,S005,80,78,15,14,3,29,47
I02389910,20230820,P0093,S046,53,6,4,48,3,20,33
I01332857,20230326,P0149,S026,44,56,34,21,1,20,24
I01844709,20231029,P0806,S035,48,19,20,45,4,20,21
I00762327,20230709,P0384,S015,71,48,3,23,3,22,36
I00872692,20231119,P0466,S017,35,57,32,9,1,11,29
I02387185,20230319,P0042,S046,11,30,27,3,5,13,31
I01571054,20230709,P0643,S030,20,57,49,9,3,28,43
I01300618,20231217,P0540,S025,7,27,26,6,0,27,31
I01997720,20231029,P0693,S038,14,27,21,7,1,28,22
I01531593,20231224,P0898,S029,80,31,11,60,0,14,28
I00693124,20231022,P0078,S014,7,56,50,0,1,30,41
I00688271,20230326,P0987,S013,30,15,13,24,4,14,21
I02530431,20231224,P0744,S048,83,122,47,7,1,23,30
I01587909,20230716,P0961,S030,71,33,11,45,4,30,39
I02191094,20230521,P0342,S042,42,3,4,40,3,12,47
I02552296,20230709,P0157,S049,15,54,42,1,2,10,38
I00451236,20231119,P0514,S009,75,69,3,8,1,26,21
I02224117,20230618,P0965,S042,94,107,27,9,5,27,39
I02097880,20230820,P0583,S040,32,-1,3,32,4,28,20
I01697972,20230312,P0038,S033,96,24,0,69,3,17,41
I01140527,20230514,P0520,S022,12,9,0,1,2,13,46
I02634206,20231231,P0702,S050,52,32,8,23,5,29,24
I00528276,20230618,P0968,S010,7,5,4,2,4,27,28
I00835964,20231126,P0773,S016,75,55,39,54,5,14,24
I01917608,20230409,P0182,S037,4,37,41,3,5,22,30
I02325499,20230430,P0878,S044,76,61,44,56,3,19,40
I00326498,20230430,P0161,S007,95,4,3,93,1,24,21
I01108364,20230709,P0913,S021,77,13,8,69,3,17,23
I00658085,20230910,P0417,S013,26,33,25,14,4,26,27
I00385178,20230702,P0268,S008,63,19,13,57,0,21,49
I01850530,20230827,P0916,S035,7,44,44,2,5,27,41
I00464031,20230416,P0756,S009,52,68,48,29,3,17,46
I02500900,20231015,P0187,S048,2,40,43,1,4,24,36
I02037113,20230129,P0437,S039,33,72,48,6,3,17,33
I01623776,20230409,P0638,S031,43,26,4,17,4,19,40
I01789329,20231203,P0761,S034,17,17,16,14,2,11,20
I00632432,20230903,P0933,S012,2,48,49,2,1,22,31
I01700275,20230827,P0081,S033,36,28,30,35,3,16,22
I00738400,20230122,P0933,S014,90,96,39,29,4,11,36
I00682015,20230312,P0869,S013,40,57,26,7,2,16,37
I02545786,20230910,P0034,S049,20,56,49,9,4,28,27
I00015966,20230326,P0302,S001,15,12,12,15,0,30,25
I00086947,20230702,P0641,S002,69,76,10,3,0,30,24
I01959393,20230903,P0970,S037,90,82,33,39,2,17,39
I00791197,20230326,P0929,S015,1,30,34,0,5,23,45
I00337850,20230709,P0375,S007,8,34,30,1,3,20,25
I02220314,20230917,P0893,S042,98,132,39,0,5,18,29
I01564845,20230514,P0526,S030,49,31,16,33,1,21,31
I01986657,20230129,P0485,S038,36,65,44,12,3,30,44
I00579221,20230910,P0929,S011,54,19,14,46,3,25,32
I00811619,20230723,P0314,S016,24,38,28,9,5,23,42
I00400806,20230514,P0563,S008,60,25,5,35,5,26,46
I01439366,20231105,P0158,S028,36,10,5,31,0,15,44
I00708336,20231029,P0365,S014,46,26,24,40,4,19,27
I01753313,20230514,P0082,S034,80,93,32,15,4,24,38
I02115978,20230205,P0925,S040,22,25,6,0,3,25,29
I01489274,20230702,P0100,S029,56,98,45,0,3,19,29
I02430226,20230423,P0854,S046,68,59,0,6,3,11,50
I01057888,20230219,P0961,S020,14,34,26,3,3,25,38
I00816847,20230312,P0413,S016,69,30,0,35,4,10,32
I00176392,20230219,P0329,S004,26,45,28,5,4,17,50
I02317778,20230827,P0732,S044,72,90,47,27,2,24,44
I02563428,20230723,P0367,S049,68,102,45,8,3,14,27
I01799143,20230129,P0947,S034,98,45,6,59,0,21,32
I00318018,20230430,P0001,S007,35,54,44,20,5,13,39
I02022885,20230820,P0168,S039,33,70,46,8,1,27,21
I00819071,20230226,P0455,S016,10,46,41,0,5,16,38
I00923029,20230820,P0416,S018,93,105,30,17,1,26,26
I00899104,20230319,P0965,S017,68,20,17,61,4,23,50
I00574116,20230514,P0833,S011,77,65,48,57,3,28,30
I02503560,20231224,P0237,S048,72,36,6,41,1,11,46
I01776573,20230326,P0521,S034,29,59,43,11,2,14,28
I00069559,20230604,P0313,S002,9,8,10,7,4,29,44
I01489977,20231008,P0113,S029,41,36,1,3,3,16,21
I00127047,20230205,P0398,S003,24,38,19,1,4,17,40
I02439134,20230521,P0022,S047,13,57,50,2,4,20,49
I01623302,20230430,P0629,S031,26,22,8,11,1,23,48
I00060801,20230305,P0148,S002,54,64,38,26,2,23,20
I01299909,20230730,P0527,S025,25,27,14,10,2,16,27
I01306599,20231022,P0653,S025,56,57,32,29,2,23,27
I01115315,20230903,P0044,S022,66,57,1,5,5,18,23
I00495238,20230205,P0345,S010,45,47,11,4,5,26,27
I00705603,20230402,P0314,S014,7,31,26,2,0,18,48
I00533330,20231029,P0063,S011,38,66,39,10,1,12,26
I01569921,20230219,P0622,S030,4,18,20,3,3,18,48
I02487402,20230205,P0933,S047,91,23,25,90,3,16,31
I01818436,20230205,P0311,S035,70,48,9,27,4,18,48
I00742900,20231224,P0017,S015,33,6,4,26,5,17,44
I00758916,20230226,P0320,S015,39,42,44,39,2,13,37
I02279134,20230709,P0003,S044,67,51,15,29,2,16,38
I01707840,20230521,P0224,S033,24,43,31,7,5,14,37
I02099118,20231231,P0606,S040,1,18,19,0,2,14,45
I01973853,20230702,P0243,S038,76,95,45,25,1,29,28
I01804425,20231001,P0046,S035,98,56,11,49,4,30,23
I02569399,20230319,P0480,S049,60,46,37,46,5,28,35
I02638688,20230723,P0787,S050,8,3,3,8,0,13,46
I00162274,20231008,P0062,S004,60,108,49,1,0,20,47
I02098272,20230108,P0591,S040,9,39,42,8,4,20,39
I01044469,20231217,P0707,S020,66,62,37,37,4,21,50
I00198231,20230312,P0741,S004,32,23,8,12,5,10,28
I00369234,20230903,P0967,S007,97,19,16,89,5,21,47
I00187443,20230827,P0537,S004,41,43,2,0,0,26,38
I01116934,20230319,P0075,S022,100,119,25,4,2,23,23
I02048326,20230827,P0648,S039,18,18,13,9,4,17,46
I00739551,20231015,P0954,S014,35,61,45,16,3,24,24
I02610400,20231029,P0253,S050,82,85,44,36,5,14,33
I01821468,20230423,P0368,S035,77,87,15,2,3,16,25
I00218918,20230709,P0131,S005,81,115,38,0,4,23,20
I01840737,20231119,P0731,S035,62,49,18,27,4,28,48
I01575992,20230910,P0736,S030,20,52,50,14,4,14,33
I02163008,20230618,P0812,S041,81,84,24,18,3,16,47
I02281692,20231015,P0051,S044,85,84,0,0,1,27,28
I01035847,20230409,P0545,S020,100,114,34,20,0,15,44
I00764105,20230122,P0418,S015,93,55,12,49,1,30,25
I00617487,20230910,P0651,S012,73,88,22,4,3,20,21
I01384036,20231119,P0114,S027,28,4,3,25,2,23,34
I01091760,20230326,P0600,S021,39,22,25,39,3,30,42
I00296337,20230402,P0592,S006,39,30,6,10,5,23,38
I01942004,20230730,P0642,S037,18,19,23,18,4,21,40
I01126171,20230702,P0249,S022,42,39,27,27,3,30,27
I01163968,20230827,P0962,S022,30,41,39,24,4,15,20
I00376251,20230122,P0100,S008,14,31,19,1,1,30,35
I01596082,20231001,P0115,S031,48,58,28,13,5,15,26
I01912369,20230604,P0083,S037,68,68,38,34,4,24,34
I02082019,20230514,P0284,S040,22,60,48,10,0,15,35
I01247526,20230319,P0539,S024,76,96,49,25,4,23,22
I00632630,20230528,P0937,S012,75,8,9,73,3,21,21
I01724978,20231001,P0547,S033,34,35,12,7,4,25,43
I01403890,20230625,P0489,S027,45,66,46,25,0,24,39
I00400558,20230910,P0558,S008,30,59,35,3,3,21,33
I02157760,20230611,P0713,S041,11,10,5,6,0,27,22
I00930522,20230101,P0558,S018,97,68,28,52,5,29,41
I00722615,20230326,P0635,S014,7,10,10,5,2,17,23
I01759041,20230611,P0190,S034,93,105,30,17,1,12,23
I01562323,20231015,P0478,S030,82,60,4,22,4,24,23
I02407886,20231022,P0432,S046,63,83,25,0,5,20,27
I02400471,20231126,P0292,S046,35,-3,1,34,5,27,41
I00691343,20230312,P0045,S014,25,40,26,11,0,29,20
I00690306,20230820,P0025,S014,9,31,27,2,3,25,23
I02479586,20230820,P0785,S047,36,66,46,13,3,19,30
I00053303,20230917,P0006,S002,34,48,23,7,2,19,22
I00855015,20230507,P0133,S017,88,87,15,14,2,12,50
I01126020,20230827,P0246,S022,24,4,6,21,5,12,20
I00604350,20231029,P0403,S012,6,17,18,4,3,18,22
I01788662,20230430,P0749,S034,87,65,39,61,0,30,29
I00584433,20230108,P0028,S012,31,30,7,7,1,17,30
I00406801,20230625,P0676,S008,29,49,43,22,1,17,41
I00952819,20230917,P0978,S018,81,82,47,45,1,11,47
I02161621,20230416,P0786,S041,97,63,21,55,0,21,44
I01738450,20231210,P0801,S033,41,75,42,3,5,20,40
I02447416,20230827,P0178,S047,75,27,6,50,4,24,37
I00879746,20231224,P0599,S017,24,18,12,18,0,12,42
I02387456,20230430,P0047,S046,57,87,41,6,5,20,49
I00666288,20230618,P0572,S013,48,52,23,17,2,17,41
I00205033,20230716,P0869,S004,5,34,32,1,2,25,32
I00201532,20230625,P0803,S004,53,49,12,16,0,17,24
I02638775,20230312,P0789,S050,89,85,17,18,3,27,34
I00411609,20230312,P0767,S008,68,35,37,65,5,15,29
I01461205,20231126,P0570,S028,27,29,20,17,1,17,42
I02645041,20230604,P0907,S050,77,38,17,54,2,30,45
I00169960,20231015,P0207,S004,64,58,5,9,2,22,40
I02512549,20230730,P0407,S048,97,32,35,96,4,22,41
I02032861,20231112,P0356,S039,97,106,35,23,3,13,49
I01805883,20230402,P0074,S035,91,43,44,89,3,23,48
I02587258,20230305,P0817,S049,88,16,8,78,2,29,22
I00256001,20230312,P0831,S005,100,34,1,62,5,26,47
I01505098,20230122,P0399,S029,71,33,21,55,4,17,38
I02576711,20230305,P0618,S049,94,81,10,20,3,28,35
I01187964,20230528,P0415,S023,56,80,39,12,3,16,23
I01463566,20230611,P0615,S028,28,20,22,27,3,25,50
I01195839,20231231,P0563,S023,11,36,37,10,2,12,35
I01197763,20230416,P0600,S023,52,34,36,51,3,18,33
I02517201,20230507,P0495,S048,12,47,42,3,4,28,24
I00038201,20231008,P0721,S001,32,53,47,23,3,23,26
I00339929,20231001,P0414,S007,23,23,24,23,1,18,28
I00660030,20230521,P0454,S013,23,48,50,23,2,19,34
I01779262,20231224,P0571,S034,92,70,5,23,4,24,34
I00812807,20231224,P0336,S016,64,53,3,10,4,17,43
I01049689,20230611,P0806,S020,88,66,24,42,4,15,30
I01747283,20230806,P0968,S033,63,45,28,43,3,19,34
I00101770,20230305,P0921,S002,70,9,4,61,4,22,27
I01309568,20231029,P0709,S025,82,58,48,68,4,24,35
I02542193,20231126,P0966,S048,50,57,38,30,1,25,39
I02316227,20230521,P0703,S044,29,68,39,0,0,16,46
I00210318,20230402,P0969,S004,77,58,20,37,2,16,37
I02056095,20230326,P0795,S039,0,31,33,0,2,24,38
I00417199,20230903,P0872,S008,11,54,50,4,3,24,45
I02644216,20231112,P0891,S050,88,49,19,54,4,23,41
I00218449,20230903,P0122,S005,30,75,50,3,2,25,40
I01326051,20231029,P0020,S026,12,0,3,10,5,18,41
I00382761,20231126,P0222,S008,94,15,16,94,1,22,34
I01375359,20230226,P0951,S026,75,52,2,23,2,25,26
I00417015,20230312,P0869,S008,88,86,6,7,1,10,44
I00032048,20230903,P0605,S001,40,75,41,2,4,25,30
I00144396,20230611,P0725,S003,62,50,36,44,4,19,26
I01297318,20230910,P0478,S025,1,-4,0,0,5,11,29
I00136011,20230326,P0567,S003,98,22,11,85,2,17,50
I01873608,20230129,P0352,S036,29,31,16,14,0,10,25
I01936655,20230827,P0541,S037,47,40,18,22,3,16,32
I02247179,20230806,P0400,S043,90,87,47,50,0,10,50
I01341515,20230806,P0312,S026,1,37,39,0,3,29,33
I01480090,20230319,P0927,S028,100,25,17,88,4,20,46
I00821556,20230115,P0502,S016,9,10,10,6,3,15,32
I01229062,20231105,P0190,S024,16,48,41,8,1,26,32
I00391539,20230709,P0388,S008,16,6,2,12,0,11,32
I02505730,20231203,P0278,S048,61,67,22,14,2,28,25
I01504062,20230709,P0379,S029,71,79,21,8,5,20,41
I02610926,20231001,P0263,S050,84,25,5,60,4,25,29
I02014845,20231210,P0016,S039,96,86,37,44,3,24,38
I02492955,20231119,P0037,S048,5,13,14,5,1,29,25
I00972379,20231008,P0347,S019,46,76,45,10,5,30,36
I01600548,20230101,P0200,S031,76,76,32,31,1,13,28
I02187716,20230827,P0278,S042,53,75,26,2,2,15,40
I00381193,20230423,P0193,S008,42,37,3,6,2,27,48
I01470831,20230709,P0752,S028,43,23,26,43,3,27,33
I02573833,20231119,P0563,S049,61,5,6,57,5,24,48
I00893654,20230521,P0862,S017,57,35,15,35,2,19,44
I00539236,20230402,P0175,S011,28,48,43,19,4,24,30
I01274753,20231210,P0052,S025,87,17,21,87,4,22,25
I01200234,20231203,P0646,S023,75,76,39,34,4,29,48
I01782370,20230813,P0630,S034,26,45,30,10,1,13,23
I00788363,20231008,P0875,S015,5,43,45,4,3,20,47
I02392096,20231119,P0134,S046,45,36,26,34,1,30,38
I02384422,20230129,P0990,S045,10,35,34,4,5,27,29
I02007513,20230806,P0878,S038,60,25,24,57,2,20,25
I01761509,20230101,P0237,S034,33,19,13,24,3,26,50
I02609945,20230326,P0245,S050,71,109,47,5,4,19,21
I02500317,20231015,P0176,S048,46,70,31,3,4,18,38
I02465662,20231203,P0522,S047,70,105,36,0,1,23,32
I00301594,20230611,P0691,S006,44,14,6,36,0,25,40
I00773528,20231112,P0595,S015,46,76,33,3,0,26,38
I01990315,20230205,P0554,S038,23,56,43,8,2,23,42
I02156103,20230305,P0682,S041,57,23,8,39,3,23,37
I02427413,20230326,P0801,S046,71,62,25,32,2,11,21
I02169817,20231210,P0940,S041,1,14,13,0,0,28,39
I00350254,20230723,P0609,S007,96,130,41,3,4,22,36
I00998066,20230604,P0832,S019,47,7,8,45,3,25,48
I00667742,20231126,P0599,S013,48,28,15,34,1,23,41
I00565732,20230305,P0675,S011,44,35,25,31,3,20,29
I02031879,20230430,P0338,S039,96,31,30,90,5,26,45
I00088116,20230723,P0663,S002,41,70,49,20,0,21,23
I00611097,20230212,P0531,S012,36,34,5,5,2,25,44
I01207750,20230924,P0788,S023,46,58,33,17,4,27,36
I02003614,20230108,P0805,S038,1,33,33,0,1,13,39
I00853524,20230319,P0105,S017,73,73,7,2,5,10,47
I01222346,20230212,P0064,S024,51,29,21,39,4,23,45
I01718636,20230129,P0428,S033,37,48,20,6,3,10,25
I00453723,20231022,P0561,S009,10,43,38,1,4,23,29
I01959038,20231224,P0963,S037,42,24,0,13,5,17,22
I00763252,20231224,P0401,S015,82,64,14,28,4,25,46
I00284155,20230528,P0362,S006,5,14,15,3,3,16,32
I01117127,20231112,P0078,S022,69,39,9,35,4,22,33
I00136515,20231001,P0576,S003,87,45,39,79,2,27,43
I01334103,20231001,P0172,S026,74,89,34,14,5,16,48
I00602799,20230723,P0374,S012,37,44,26,16,3,17,24
I02219639,20231224,P0880,S042,30,64,50,16,0,20,47
I00699545,20231217,P0199,S014,65,32,21,50,4,12,26
I02648169,20230611,P0966,S050,83,64,23,40,2,30,32
I01384337,20230723,P0120,S027,9,14,14,4,5,12,32
I00553847,20231210,P0450,S011,29,35,19,12,1,14,31
I02332794,20231224,P0015,S045,89,64,28,50,3,20,45
I01421452,20231105,P0820,S027,3,8,10,1,4,20,27
I01649393,20230813,P0121,S032,69,44,4,27,2,11,40
I00479073,20230205,P0040,S010,12,26,31,12,5,15,40
I01781826,20230507,P0620,S034,56,76,31,11,0,29,41
I00029805,20230507,P0563,S001,66,42,14,38,0,30,29
I02608488,20231001,P0217,S050,46,41,30,31,4,25,22
I00499178,20230611,P0419,S010,11,13,16,10,4,12,27
I02079504,20231203,P0236,S040,11,33,26,3,1,30,42
I00339884,20231126,P0413,S007,18,41,40,17,0,30,43
I01128394,20230611,P0291,S022,71,25,13,58,1,24,33
I02268242,20230101,P0798,S043,34,32,2,0,4,20,26
I01561493,20230212,P0463,S030,43,21,21,42,1,29,22
I01516257,20230813,P0609,S029,15,58,50,2,5,21,49
I00463815,20230319,P0752,S009,57,75,46,26,2,14,24
I01717332,20230625,P0403,S033,68,44,41,60,5,16,35
I01729034,20230409,P0624,S033,20,44,40,13,3,10,50
I02516545,20231224,P0482,S048,10,47,47,5,5,11,24
I01565982,20231029,P0547,S030,41,25,5,21,0,12,25
I01914030,20231008,P0114,S037,45,12,7,36,4,15,34
I02339495,20230528,P0142,S045,24,19,4,9,0,28,49
I01593013,20231105,P0057,S031,47,43,34,34,4,18,27
I01178739,20230507,P0241,S023,99,76,22,44,1,12,21
I01889729,20230402,P0656,S036,72,24,22,67,3,11,47
I00938814,20230618,P0714,S018,61,88,49,20,2,24,45
I00334030,20230611,P0303,S007,38,21,5,21,1,24,50
I02129228,20230205,P0175,S041,95,77,2,18,2,16,34
I01881072,20231203,P0492,S036,1,42,47,1,5,13,25
I01242281,20230402,P0440,S024,16,8,6,9,5,15,26
I00694637,20230507,P0107,S014,53,56,31,26,2,15,46
I00767654,20230108,P0485,S015,63,85,47,24,1,11,35
I01961556,20230625,P0011,S038,57,47,17,27,0,23,35
I00452443,20230827,P0537,S009,86,43,8,47,4,27,42
I01541405,20230205,P0084,S030,18,17,4,3,2,10,36
I00117330,20231008,P0214,S003,87,47,43,79,4,27,28
I02050119,20230625,P0682,S039,67,60,39,41,5,21,39
I02211549,20230430,P0728,S042,42,57,50,35,0,18,22
I01222488,20231022,P0066,S024,93,75,6,21,3,12,29
I02280450,20230507,P0028,S044,8,36,28,0,0,17,41
I00204994,20231022,P0868,S004,12,53,43,2,0,25,48
I00663870,20231105,P0526,S013,45,71,36,7,3,12,34
I00150108,20230319,P0833,S003,42,38,16,15,5,29,33
I00196266,20230212,P0704,S004,68,97,34,0,5,27,31
I00336027,20230212,P0341,S007,98,130,50,16,2,18,26
I02640402,20231126,P0819,S050,15,29,19,5,0,24,46
I00808336,20230813,P0252,S016,34,41,19,10,2,14,36
I02440020,20230205,P0039,S047,19,24,10,3,2,14,46
I01826059,20231210,P0454,S035,5,28,29,2,4,14,38
I01124784,20230430,P0223,S022,94,55,16,54,1,18,43
I00136142,20230917,P0569,S003,19,15,0,3,1,20,38
I00052333,20230528,P0988,S001,72,59,16,26,3,23,48
I02299718,20231126,P0391,S044,98,96,47,45,4,11,42
I00529921,20230702,P0999,S010,93,72,13,30,4,11,29
I01256739,20230115,P0713,S024,21,17,15,19,0,20,40
I02622412,20230618,P0480,S050,59,37,4,26,0,16,44
I00986231,20230212,P0609,S019,98,68,29,55,4,21,38
I01040076,20230122,P0625,S020,31,28,12,11,4,22,38
I01434065,20231029,P0058,S028,44,59,48,33,0,21,25
I01020503,20231008,P0255,S020,81,45,41,77,0,24,28
I01327790,20230820,P0053,S026,71,54,28,43,2,25,28
I01772112,20230122,P0437,S034,12,2,5,11,4,25,42
I00139985,20230319,P0642,S003,90,93,20,17,0,11,27
I02586472,20230507,P0802,S049,7,12,17,7,5,17,36
I00868096,20230226,P0380,S017,76,62,14,24,4,24,26
I02289630,20230723,P0201,S044,3,17,16,1,1,29,42
I00811045,20230924,P0303,S016,24,55,40,9,0,18,40
I02262943,20230108,P0698,S043,36,64,43,13,2,15,44
I00459768,20231112,P0675,S009,52,59,9,0,2,29,30
I02452882,20231015,P0281,S047,63,17,13,57,2,30,46
I00696895,20231217,P0149,S014,28,52,39,15,0,29,25
I00913962,20230723,P0245,S018,97,22,3,73,5,23,43
I00624556,20230122,P0785,S012,47,34,10,20,3,17,38
I00941463,20230611,P0764,S018,65,52,6,14,5,28,33
I01901324,20230108,P0875,S036,1,21,25,0,5,17,44
I02627192,20230827,P0570,S050,57,74,27,7,3,16,27
I01039773,20230507,P0619,S020,24,68,49,2,3,29,32
I02172182,20230723,P0985,S041,71,64,20,24,3,20,50
I02392146,20231029,P0135,S046,21,37,41,21,4,30,26
I01044230,20230611,P0703,S020,10,36,35,4,5,13,29
I02121286,20230402,P0025,S041,29,10,15,29,5,29,37
I02465900,20230528,P0527,S047,75,47,20,44,4,30,20
I01196660,20230625,P0579,S023,30,39,17,6,2,10,20
I00327208,20230924,P0174,S007,64,36,6,29,5,18,36
I01770723,20231112,P0410,S034,73,79,45,36,3,18,48
I01622975,20230226,P0623,S031,61,62,12,8,3,18,20
I00883354,20230115,P0668,S017,85,37,34,82,0,13,48
I02064702,20230820,P0957,S039,18,31,24,10,1,19,35
I00598733,20231105,P0297,S012,13,15,15,10,3,14,44
I00454971,20230507,P0585,S009,61,22,10,46,3,28,27
I01718846,20230115,P0432,S033,16,42,39,8,5,27,43
I00349987,20230709,P0604,S007,83,88,37,30,2,19,30
I00010509,20230409,P0199,S001,78,44,37,66,5,27,31
I02161144,20230416,P0777,S041,93,29,17,77,4,30,49
I02402884,20230604,P0338,S046,36,40,16,11,1,22,42
I01402596,20230122,P0465,S027,89,31,1,56,3,13,31
I00056623,20230507,P0069,S002,98,18,2,81,1,26,28
I00176127,20230219,P0324,S004,14,34,25,0,5,26,23
I02315556,20230924,P0690,S044,18,55,40,3,0,17,22
I02218867,20230528,P0866,S042,46,61,40,23,2,26,38
I00438529,20230212,P0275,S009,19,43,35,10,1,22,47
I01480425,20230716,P0933,S028,85,57,26,49,5,30,31
I00738964,20230917,P0943,S014,62,78,46,25,5,28,21
I01866724,20230312,P0222,S036,33,30,12,14,1,26,30
I00824837,20231217,P0563,S016,58,20,11,45,4,26,26
I00862756,20230528,P0279,S017,81,74,39,46,0,15,43
I02363295,20230618,P0591,S045,64,63,19,20,0,29,23
I01527291,20231022,P0817,S029,87,77,47,53,4,29,48
I01257835,20230924,P0733,S024,89,70,13,31,1,22,30
I00266796,20231119,P0034,S006,75,83,28,16,4,23,45
I01581024,20230820,P0831,S030,56,35,23,43,1,20,28
I00504152,20230416,P0513,S010,44,31,8,20,1,29,36
I02358608,20230108,P0503,S045,32,22,20,27,3,16,42
I00599790,20231015,P0317,S012,26,5,3,21,3,23,22
I01422307,20231224,P0836,S027,100,101,28,25,2,10,43
I00166900,20230115,P0150,S004,0,-1,3,0,4,19,44
I02221652,20231217,P0918,S042,97,111,32,15,3,24,46
I00076912,20230226,P0452,S002,60,68,31,21,2,24,40
I00516206,20230924,P0740,S010,73,98,27,0,2,19,32
I02272608,20230521,P0880,S043,89,41,14,57,5,26,45
I01443213,20230604,P0231,S028,81,97,49,30,3,10,35
I01870665,20230723,P0296,S036,24,43,41,17,5,12,45
I01688702,20230416,P0863,S032,3,43,43,1,2,22,39
I00562367,20230910,P0611,S011,89,94,42,37,0,20,24
I00982812,20230813,P0544,S019,71,85,16,2,0,27,35
I00906487,20230709,P0104,S018,51,68,42,21,4,24,40
I02567637,20231224,P0446,S049,52,54,24,18,4,14,40
I00417848,20231203,P0884,S008,58,70,45,29,4,11,31
I02442258,20230430,P0081,S047,65,37,9,35,2,27,39
I01800351,20231119,P0969,S034,30,52,48,26,0,19,40
I01136644,20230205,P0447,S022,11,13,14,10,2,18,39
I01802258,20231112,P0005,S035,47,59,24,12,0,24,31
I02180107,20230129,P0135,S042,36,19,11,28,0,27,31
I00904732,20230528,P0071,S018,10,51,46,2,3,20,30
I02559587,20230129,P0295,S049,40,18,8,28,2,12,35
I00936291,20231112,P0666,S018,69,19,11,58,3,12,24
I01227588,20230108,P0163,S024,60,72,31,15,4,24,38
I00242974,20230528,P0585,S005,19,26,19,8,4,24,50
I00347721,20231008,P0561,S007,35,40,9,2,2,12,35
I00787003,20230205,P0850,S015,31,49,35,14,3,26,31
I01002120,20231203,P0908,S019,81,74,38,41,4,13,50
I02548674,20230305,P0089,S049,77,25,3,52,3,16,21
I00322922,20231112,P0093,S007,15,9,12,15,3,25,27
I01170073,20231105,P0077,S023,55,52,48,48,3,29,35
I02112327,20230319,P0856,S040,60,44,8,22,2,26,24
I00263049,20230305,P0964,S005,79,98,48,25,4,24,38
I00967185,20231008,P0249,S019,65,30,24,57,2,13,30
I01405762,20231022,P0524,S027,54,22,11,39,4,28,28
I02636919,20230305,P0754,S050,45,50,48,38,5,28,33
I00667868,20230409,P0602,S013,13,44,45,12,2,13,36
I00023137,20230716,P0437,S001,89,66,0,20,3,18,37
I01584697,20231210,P0900,S030,34,6,0,23,5,21,50
I00870790,20231231,P0430,S017,51,11,5,41,4,29,29
I01691853,20231001,P0922,S032,80,56,18,39,3,11,37
I00501225,20230122,P0458,S010,52,52,37,37,0,26,22
I00492027,20230709,P0284,S010,28,41,29,13,3,21,49
I00167395,20230521,P0159,S004,30,67,45,3,5,23,29
I01598917,20230326,P0169,S031,19,16,9,10,2,18,40
I01386029,20230625,P0152,S027,26,34,35,26,1,29,36
I00583872,20230611,P0017,S012,76,73,0,3,0,27,28
I00256783,20231217,P0845,S005,91,91,23,20,3,30,31
I00802856,20230319,P0149,S016,32,46,19,2,3,30,33
I00426679,20230716,P0051,S009,50,48,34,36,0,15,22
I01581857,20230507,P0847,S030,11,57,50,1,3,17,34
I00422635,20230326,P0975,S008,75,64,3,10,4,25,24
I01948360,20230702,P0762,S037,72,34,16,52,2,29,37
I00433963,20231224,P0188,S009,92,76,44,58,2,23,20
I02103567,20231210,P0690,S040,38,45,10,0,3,28,35
I01145686,20230917,P0617,S022,88,91,24,19,2,15,27
I02142503,20230730,P0425,S041,89,30,28,83,4,16,26
I01353796,20230423,P0544,S026,96,85,8,16,3,19,44
I02209055,20230409,P0681,S042,90,51,31,65,5,27,50
I02414006,20230409,P0548,S046,24,12,10,21,1,30,22
I02009508,20230326,P0916,S038,2,27,27,1,1,22,20
I02112467,20231112,P0858,S040,86,65,50,67,4,22,44
I00799458,20230205,P0085,S016,61,42,15,29,5,24,36
I02102488,20230730,P0670,S040,85,21,4,68,0,26,37
I02080212,20230409,P0250,S040,51,8,0,42,1,27,37
I02175007,20231112,P0038,S042,48,33,27,37,5,24,46
I02626124,20230702,P0550,S050,95,88,16,18,5,30,22
I01824165,20230312,P0419,S035,75,59,10,26,0,23,35
I01351610,20230122,P0503,S026,89,78,16,22,5,17,38
I01968587,20230219,P0144,S038,2,43,45,2,2,25,23
I02279034,20230820,P0001,S044,36,42,41,35,0,17,32
I00210449,20230924,P0971,S004,21,41,23,2,1,15,43
I02238016,20230917,P0227,S043,18,48,38,4,4,28,32
I00377728,20231210,P0127,S008,14,4,1,9,2,25,24
I00995024,20230108,P0775,S019,33,24,7,16,0,12,28
I01751510,20230507,P0048,S034,41,41,29,26,3,25,24
I01463884,20230611,P0621,S028,95,59,6,38,4,26,47
I01112664,20230827,P0994,S021,94,60,4,36,2,14,38
I01673954,20230108,P0585,S032,15,4,4,11,4,20,42
I00380571,20230730,P0181,S008,67,73,28,17,5,12,26
I00203662,20230903,P0843,S004,95,121,50,21,3,11,34
I01752348,20230226,P0064,S034,31,45,17,1,2,15,38
I02438523,20231112,P0010,S047,28,50,43,20,1,27,31
I00121873,20230625,P0300,S003,100,67,5,36,2,24,37
I00399362,20230212,P0536,S008,55,52,4,5,2,17,38
I01980761,20231105,P0373,S038,56,61,15,7,3,16,28
I02572696,20230604,P0542,S049,36,41,36,30,1,27,38
I01834214,20231022,P0608,S035,24,49,48,22,1,17,37
I02239200,20230115,P0250,S043,32,31,2,0,3,11,20
I01568206,20231015,P0589,S030,2,29,31,1,3,12,49
I00239396,20231126,P0517,S005,47,40,36,43,0,22,40
I01227062,20230205,P0153,S024,17,-1,0,17,1,11,37
I01714765,20230115,P0355,S033,70,45,8,28,5,25,42
I02515221,20231231,P0457,S048,77,27,11,59,2,19,38
I01495147,20230423,P0211,S029,87,58,36,65,0,22,36
I01890675,20230205,P0674,S036,51,41,3,10,3,23,26
I02219809,20230305,P0884,S042,7,45,44,3,3,23,23
I01147050,20230611,P0643,S022,54,48,4,9,1,28,31
I02509624,20230521,P0352,S048,73,86,20,6,1,29,25
I01951708,20230903,P0825,S037,79,66,34,44,3,30,31
I00313118,20231119,P0908,S006,7,20,18,3,2,22,47
I01797779,20230507,P0921,S034,94,71,37,57,3,24,48
I01996734,20230319,P0675,S038,34,29,25,29,1,26,34
I01682809,20230205,P0752,S032,56,31,6,27,4,21,26
I00388073,20230212,P0323,S008,68,62,1,4,3,16,26
I01734532,20230101,P0728,S033,19,38,26,4,3,28,39
I00411858,20231126,P0771,S008,99,106,31,20,4,23,32
I01291945,20230423,P0377,S025,95,110,32,13,4,22,36
I02333024,20230423,P0020,S045,22,40,34,13,3,10,27
I00550500,20231015,P0387,S011,1,7,12,1,5,18,38
I01105830,20230917,P0865,S021,78,30,7,50,5,28,50
I01136316,20231203,P0440,S022,47,39,20,24,4,21,44
I01418693,20231015,P0768,S027,24,19,15,17,3,17,44
I00782447,20230219,P0764,S015,47,40,2,8,1,21,45
I01107634,20231001,P0899,S021,74,61,4,14,3,18,33
I01722676,20230423,P0504,S033,54,27,20,46,1,17,29
I00028155,20230319,P0532,S001,27,10,9,24,2,16,29
I00231742,20230625,P0373,S005,9,44,39,4,0,26,30
I00524207,20230910,P0891,S010,20,54,44,6,4,19,32
I00212793,20231217,P0015,S005,88,56,28,60,0,10,38
I01535614,20231105,P0974,S029,70,113,48,5,0,24,33
I01377193,20231008,P0985,S026,94,100,27,16,5,20,47
I00665451,20230903,P0556,S013,91,61,23,49,4,24,20
I01511763,20231029,P0524,S029,66,108,50,5,3,30,36
I00282382,20231217,P0328,S006,26,29,10,3,4,23,23
I00134337,20230827,P0535,S003,68,59,8,13,4,24,20
I01347445,20230625,P0424,S026,39,13,3,24,5,24,25
I00982447,20230924,P0537,S019,79,91,15,3,0,19,44
I01429580,20230312,P0974,S027,94,99,49,39,5,27,46
I00573869,20230917,P0828,S011,89,54,47,77,5,25,38
I00004741,20230611,P0090,S001,52,19,1,34,0,22,43
I00323099,20230312,P0097,S007,21,28,16,5,4,16,46
I00729717,20230326,P0769,S014,14,43,35,3,3,13,20
I00287729,20231105,P0429,S006,85,119,38,1,3,11,27
I01923927,20230702,P0301,S037,52,56,39,32,3,24,25
I01520835,20231231,P0695,S029,81,73,0,3,5,24,27
I00275380,20231105,P0196,S006,18,41,30,6,1,21,48
I00140531,20230709,P0652,S003,45,53,13,2,3,13,27
I02522234,20230423,P0590,S048,60,68,40,31,1,24,21
I01896573,20230521,P0785,S036,64,66,27,20,5,28,38
I01094163,20230730,P0645,S021,38,22,23,36,3,11,48
I00463437,20230129,P0745,S009,93,61,6,35,3,10,24
I01933384,20231210,P0479,S037,98,6,8,97,3,29,24
I00327310,20230827,P0176,S007,26,32,14,6,2,10,26
I01127746,20230319,P0279,S022,61,33,8,32,4,20,29
I02589507,20230813,P0859,S049,58,73,43,25,3,14,22
I00049661,20231231,P0937,S001,96,117,27,4,2,27,30
I00848510,20230813,P0010,S017,100,73,21,46,2,27,40
I00680565,20231105,P0841,S013,37,36,31,28,4,23,27
I01336949,20230611,P0226,S026,72,53,18,36,1,28,37
I00410702,20230129,P0750,S008,72,87,37,18,4,15,28
I01802279,20230402,P0006,S035,8,48,43,3,0,15,46
I01673407,20230917,P0574,S032,48,25,28,47,4,15,21
I01748124,20230618,P0984,S033,2,45,45,0,2,29,46
I00332288,20230730,P0270,S007,95,36,10,68,1,12,39
I00939410,20230917,P0725,S018,68,45,0,18,5,23,47
I00816857,20230521,P0413,S016,40,30,11,20,1,26,25
I02254672,20231224,P0541,S043,43,47,27,18,5,21,31
I01781355,20230618,P0611,S034,71,68,22,23,2,26,34
I02351743,20230702,P0373,S045,23,39,20,2,2,24,33
I02088369,20230305,P0404,S040,40,41,15,14,0,12,44
I01781045,20230813,P0605,S034,5,28,25,0,2,19,50
I00570603,20230129,P0767,S011,87,48,3,40,2,11,49
I01425931,20230507,P0905,S027,99,85,38,49,3,27,45
I01647738,20230521,P0090,S032,73,82,44,34,1,16,20
I01482769,20231008,P0977,S028,13,-2,3,13,5,22,37
I02436161,20230416,P0966,S046,75,91,36,16,4,11,40
I00748283,20230716,P0119,S015,2,41,42,2,1,23,44
I00757449,20230625,P0292,S015,99,65,9,40,3,19,40
I00408632,20230108,P0711,S008,78,67,34,44,1,18,33
I01861093,20231217,P0115,S036,24,19,2,5,2,11,35
I01980399,20230101,P0367,S038,40,69,47,18,0,11,47
I01818764,20230416,P0317,S035,27,28,16,14,1,11,44
I00623221,20231119,P0759,S012,30,26,16,19,1,12,24
I00534530,20230618,P0086,S011,78,28,33,78,5,10,26
I01469789,20231112,P0732,S028,10,34,29,0,5,26,30
I00627409,20231126,P0838,S012,5,26,26,1,4,23,43
I02172882,20231008,P0998,S041,48,14,12,43,3,22,22
I00762878,20231203,P0394,S015,4,23,22,2,1,30,46
I01336551,20231210,P0218,S026,4,20,22,1,5,29,46
I00213958,20231210,P0037,S005,79,29,8,54,4,21,32
I01720767,20230416,P0468,S033,96,113,21,1,3,21,33
I00590049,20231231,P0133,S012,53,27,11,36,1,29,23
I00554802,20231217,P0468,S011,58,38,18,36,2,15,33
I01175508,20230521,P0180,S023,20,52,38,5,1,19,26
I00410859,20230115,P0753,S008,26,4,5,23,4,11,31
I00073494,20230903,P0387,S002,78,30,20,64,4,20,22
I00057681,20230423,P0089,S002,27,68,47,2,4,11,20
I00288665,20230702,P0447,S006,83,115,34,0,2,23,33
I01548029,20230129,P0209,S030,37,37,38,34,4,22,31
I00762627,20230305,P0390,S015,0,2,6,0,4,27,48
I02152588,20231112,P0615,S041,3,9,13,2,5,12,29
I01868196,20231224,P0249,S036,0,-1,0,0,1,27,44
I02188746,20230129,P0298,S042,99,102,42,35,4,10,26
I02383224,20230625,P0967,S045,63,90,37,10,0,29,47
I01220627,20230910,P0031,S024,7,6,7,7,1,27,44
I02126694,20230416,P0127,S041,40,8,7,37,2,26,35
I02516257,20230716,P0477,S048,61,85,41,13,4,24,38
I01201882,20230101,P0678,S023,29,20,7,12,4,17,27
I02292873,20231001,P0262,S044,94,115,27,3,3,16,35
I01059415,20231217,P0989,S020,91,62,24,48,5,26,20
I02230826,20230115,P0092,S043,24,36,33,21,0,11,39
I01692038,20230326,P0926,S032,46,77,48,16,1,21,36
I00428971,20231015,P0094,S009,98,60,33,67,4,28,43
I01921701,20230702,P0259,S037,88,90,46,39,5,19,38
I01712040,20230820,P0303,S033,60,68,16,7,1,24,27
I00212302,20230910,P0006,S005,37,41,43,35,4,27,47
I02089549,20230611,P0426,S040,41,19,14,33,3,22,47
I02434458,20230226,P0934,S046,75,6,4,73,0,12,42
I02550855,20230430,P0130,S049,6,17,14,3,0,11,48
I01538122,20230226,P0022,S030,26,3,3,25,1,17,46
I02615564,20230402,P0351,S050,38,10,0,26,2,13,44
I01574976,20230709,P0717,S030,72,44,32,60,0,19,36
I01789463,20230611,P0764,S034,40,51,32,18,3,22,48
I00233432,20230514,P0405,S005,96,118,40,18,0,26,45
I00053225,20230326,P0005,S002,52,41,0,7,4,14,33
I01903990,20230430,P0925,S036,86,88,17,10,5,23,36
I00033597,20231126,P0634,S001,27,30,22,16,3,11,27
I01848475,20231119,P0877,S035,66,48,0,16,2,28,30
I02333849,20231119,P0035,S045,67,95,32,2,2,25,26
I00822958,20230702,P0528,S016,34,30,10,10,4,16,29
I02051985,20230910,P0717,S039,58,58,36,32,4,23,38
I00150486,20230507,P0840,S003,73,69,33,35,2,13,21
I00099372,20231210,P0875,S002,81,114,50,13,4,28,38
I01935040,20230305,P0511,S037,1,21,22,0,2,25,22
I00034675,20230326,P0655,S001,56,59,45,42,0,17,25
I01307190,20231217,P0664,S025,80,30,30,75,5,13,28
I02156979,20230917,P0698,S041,5,46,45,1,3,17,23
I01771661,20230723,P0428,S034,31,13,10,26,2,14,33
I01375664,20231203,P0956,S026,47,22,2,24,3,16,24
I02318198,20230730,P0740,S044,41,33,15,20,3,25,47
I00126825,20231203,P0393,S003,72,90,43,23,2,26,42
I01429568,20231224,P0973,S027,38,36,11,13,0,30,41
I00880206,20230827,P0608,S017,72,32,34,69,5,14,47
I01111600,20230730,P0974,S021,7,48,47,5,1,24,36
I00616970,20231210,P0641,S012,68,63,20,21,4,30,31
I01047644,20231112,P0767,S020,42,81,45,6,0,27,42
I01858355,20230416,P0064,S036,1,3,5,1,2,19,25
I00848792,20231210,P0015,S017,82,19,10,72,1,17,47
I01237270,20230917,P0345,S024,18,38,40,15,5,23,36
I01214592,20231029,P0917,S023,68,74,20,11,3,16,48
I00058702,20230730,P0108,S002,33,19,4,18,0,28,40
I00251861,20230129,P0753,S005,41,73,45,9,4,11,50
I00993908,20231224,P0753,S019,94,91,49,49,3,12,47
I01176993,20230528,P0208,S023,25,41,23,7,0,26,34
I00280901,20230101,P0301,S006,51,74,43,19,1,17,28
I01983275,20230409,P0421,S038,57,32,20,40,5,10,31
I00435518,20230423,P0218,S009,75,39,15,49,2,13,32
I00729169,20231126,P0758,S014,59,64,37,32,0,16,27
I02020392,20230806,P0121,S039,74,50,23,43,4,18,25
I02467789,20230115,P0563,S047,80,26,2,52,4,19,34
I01839143,20231022,P0701,S035,40,50,26,14,2,29,39
I01322910,20230723,P0961,S025,59,50,19,27,1,29,45
I00971729,20230702,P0335,S019,6,25,21,2,0,23,43
I01369295,20231001,P0836,S026,75,25,13,61,2,18,20
I01715065,20230917,P0360,S033,19,56,45,6,2,25,34
I01958734,20230326,P0958,S037,46,21,0,24,1,22,34
I00404752,20231029,P0637,S008,34,68,45,11,0,10,42
I02447694,20231126,P0183,S047,36,41,42,34,3,20,36
I02275676,20230409,P0938,S043,75,67,23,28,3,30,38
I00845073,20231008,P0945,S016,27,18,2,9,2,12,30
I00242390,20230521,P0574,S005,38,71,38,4,1,18,20
I02154141,20230226,P0645,S041,98,40,5,62,1,21,39
I00731526,20230514,P0803,S014,10,8,9,9,2,18,36
I01598880,20230716,P0168,S031,64,64,6,1,5,23,39
I01072543,20230827,P0237,S021,74,37,4,36,5,11,20
I02155454,20231210,P0669,S041,8,8,2,1,1,17,25
I01871005,20231224,P0302,S036,98,59,46,85,0,30,28
I00718714,20230820,P0561,S014,47,58,22,10,1,20,29
I00825376,20230212,P0574,S016,13,35,25,0,3,26,43
I02281596,20231224,P0049,S044,24,37,31,13,5,27,37
I00949676,20230528,P0919,S018,38,42,44,36,4,27,30
I02299794,20230430,P0393,S044,79,41,31,66,3,18,38
I00892989,20231105,P0849,S017,24,48,37,9,4,24,36
I00435722,20230226,P0222,S009,5,19,21,3,4,17,25
I01708046,20230409,P0228,S033,48,47,21,21,1,16,38
I00599364,20231001,P0309,S012,34,54,26,1,5,17,26
I02024303,20230521,P0195,S039,41,20,14,35,0,13,42
I00019866,20231029,P0375,S001,25,17,7,14,1,23,41
I01864226,20230122,P0175,S036,37,62,41,12,4,27,39
I01456777,20230507,P0487,S028,89,8,9,85,5,15,28
I02618177,20230723,P0400,S050,23,3,0,18,2,15,39
I00950781,20230402,P0940,S018,50,66,50,30,4,29,38
I01157096,20231231,P0832,S022,20,34,29,13,2,12,48
I02153941,20230521,P0641,S041,25,58,38,0,5,25,23
I02241262,20231217,P0288,S043,13,10,11,9,5,20,24
I02064358,20230219,P0951,S039,71,60,44,54,1,29,43
I00053379,20230219,P0008,S002,18,49,46,12,3,30,21
I00908783,20231105,P0147,S018,95,40,1,56,0,30,22
I00295088,20230910,P0568,S006,51,85,50,12,4,28,39
I00227775,20230820,P0298,S005,30,53,39,16,0,13,40
I00643104,20230108,P0135,S013,37,46,23,11,3,13,44
I01328758,20231126,P0071,S026,50,87,41,0,4,25,37
I01501552,20230226,P0332,S029,70,78,43,35,0,24,33
I02133153,20230226,P0249,S041,49,63,17,0,3,29,45
I01417384,20230129,P0744,S027,3,21,24,1,5,28,35
I00581650,20230709,P0975,S011,4,26,26,4,0,12,29
I00927973,20231203,P0509,S018,30,59,31,0,2,20,30
I00115425,20231029,P0178,S003,5,52,48,0,1,23,50
I00180031,20231022,P0397,S004,59,58,8,5,4,14,47
I01552952,20231224,P0301,S030,50,40,34,39,5,24,22
I01633798,20230514,P0827,S031,12,43,42,10,1,16,42
I00840452,20230730,P0858,S016,28,33,13,7,1,29,38
I00301936,20231126,P0697,S006,64,41,34,55,2,19,28
I00896256,20230625,P0911,S017,99,116,32,12,3,11,49
I00271339,20230806,P0120,S006,55,43,39,48,3,30,34
I01459199,20230115,P0533,S028,12,37,29,1,3,15,36
I00892679,20231231,P0843,S017,88,80,17,23,2,27,23
I01920030,20231224,P0227,S037,86,93,35,26,2,28,42
I01959905,20230430,P0980,S037,0,3,6,0,3,24,25
I02117628,20230326,P0956,S040,32,-1,0,30,3,27,27
I00538605,20230507,P0163,S011,79,56,45,67,1,14,44
I01023031,20230618,P0303,S020,81,99,26,7,1,25,36
I00433672,20230625,P0183,S009,50,51,47,43,3,18,30
I02590079,20230528,P0870,S049,3,40,42,0,5,11,31
I01443890,20230312,P0244,S028,69,105,45,4,5,28,43
I00398692,20230625,P0523,S008,85,66,49,64,4,10,48
I01668023,20230212,P0473,S032,84,12,15,84,3,13,31
I00541709,20231203,P0221,S011,64,38,0,26,0,26,40
I00749293,20230806,P0138,S015,19,38,24,1,4,21,38
I02278094,20231126,P0983,S043,90,61,36,63,2,18,45
I01555548,20231217,P0350,S030,10,25,18,0,3,20,31
I00633089,20230122,P0946,S012,10,15,11,6,0,26,48
I00286453,20231008,P0405,S006,34,62,31,3,0,14,35
I02611004,20230319,P0265,S050,35,61,39,9,4,15,36
I02154297,20230205,P0648,S041,68,7,3,62,2,25,24
I00208874,20230101,P0942,S004,45,32,14,24,3,17,24
I02556785,20230319,P0242,S049,4,23,28,4,5,14,34
I00525828,20230409,P0922,S010,66,13,3,53,3,26,21
I00514401,20230903,P0706,S010,5,35,37,4,3,25,36
I02413901,20230416,P0546,S046,45,59,32,16,2,20,43
I01531459,20230611,P0896,S029,60,47,12,22,3,15,24
I01690351,20230528,P0894,S032,82,25,15,71,1,19,33
I00686680,20230319,P0957,S013,73,52,31,48,4,19,26
I00322394,20231126,P0083,S007,58,56,31,29,4,12,29
I01425569,20230709,P0898,S027,22,63,45,4,0,18,25
I02513350,20230910,P0422,S048,93,62,9,38,2,25,36
I02006759,20230514,P0864,S038,8,2,4,8,2,19,28
I01645468,20230723,P0047,S032,33,35,33,26,5,25,31
I01136685,20231119,P0447,S022,83,93,32,21,1,12,27
I02410376,20231015,P0479,S046,86,52,35,69,0,18,48
I01776518,20230312,P0520,S034,55,37,32,46,4,10,47
I00348871,20230618,P0583,S007,58,36,7,25,4,11,48
I00232929,20231119,P0395,S005,54,66,40,26,2,15,25
I02456023,20230115,P0341,S047,33,60,37,7,3,28,43
I02628060,20230108,P0587,S050,5,29,32,4,4,20,43
I02357874,20230305,P0489,S045,47,10,11,46,2,11,26
I02422132,20230806,P0701,S046,84,78,45,47,4,19,29
I01871145,20230813,P0305,S036,42,30,16,28,0,15,33
I00218568,20231203,P0124,S005,6,26,25,3,2,12,39
I02245885,20230305,P0376,S043,38,38,17,14,3,20,39
I02308467,20231224,P0556,S044,4,23,21,0,2,14,43
I01167332,20230212,P0026,S023,100,101,15,12,2,24,38
I02551621,20231015,P0144,S049,59,62,39,33,3,29,27
I00775501,20230129,P0633,S015,65,49,21,36,1,27,39
I01549808,20230827,P0242,S030,98,138,47,7,0,28,45
I01422448,20230820,P0839,S027,34,40,11,0,5,11,36
I01602194,20230122,P0231,S031,18,47,50,17,4,11,26
I00335404,20230514,P0329,S007,58,86,34,6,0,15,49
I01793956,20230319,P0849,S034,6,36,35,2,3,25,36
I01796984,20230507,P0906,S034,80,71,10,17,2,22,43
I01197107,20231203,P0587,S023,61,36,11,33,3,16,22
I02282686,20230716,P0070,S044,71,65,26,32,0,26,25
I00460215,20230416,P0684,S009,3,9,8,2,0,16,40
I02292991,20231224,P0264,S044,12,53,42,1,0,29,21
I00084895,20231015,P0602,S002,82,62,27,45,2,15,48
I02196696,20230129,P0448,S042,92,67,25,45,5,29,47
I01006431,20230402,P0990,S019,51,68,33,15,1,25,21
I01338030,20231105,P0246,S026,69,61,28,31,5,24,21
I02492781,20230806,P0034,S048,43,51,25,15,2,13,21
I02570005,20230827,P0491,S049,10,-2,0,10,2,10,42
I00106560,20230723,P0011,S003,95,64,33,61,3,19,26
I00145563,20230618,P0747,S003,48,39,34,42,1,13,31
I02197251,20230723,P0458,S042,63,61,30,32,0,23,21
I00136220,20230305,P0571,S003,71,57,34,46,2,30,33
I00044858,20230514,P0847,S001,31,46,32,15,2,30,21
I00420972,20231112,P0943,S008,63,24,25,60,4,28,31
I02330603,20230820,P0974,S044,39,56,42,21,4,26,38
I00607481,20231126,P0462,S012,14,43,38,5,4,30,22
I02096428,20230326,P0556,S040,81,104,41,16,2,15,49
I01351409,20230409,P0499,S026,41,18,3,26,0,28,26
I02210029,20230827,P0699,S042,82,84,47,45,0,26,43
I01504131,20231029,P0380,S029,91,103,16,2,2,16,42
I02204585,20231210,P0596,S042,75,84,30,20,1,26,43
I00240299,20231210,P0534,S005,36,45,29,17,3,23,23
I00816852,20230416,P0413,S016,19,49,34,0,4,14,48
I01102911,20230820,P0810,S021,7,10,8,0,5,21,22
I00181496,20230611,P0425,S004,61,11,7,56,1,14,36
I00310750,20230312,P0864,S006,2,27,30,0,5,11,49
I00423867,20230625,P0998,S008,83,101,32,12,2,28,41
I01109490,20231008,P0934,S021,1,3,3,0,1,23,23
I02028161,20230305,P0268,S039,58,66,26,18,0,29,24
I01050986,20231203,P0830,S020,59,8,8,54,5,22,38
I00590306,20231105,P0138,S012,64,65,5,4,0,29,32
I00259314,20230917,P0893,S005,45,46,32,26,5,11,24
I00701105,20230521,P0229,S014,16,25,16,4,3,14,41
I00995919,20231203,P0791,S019,28,12,7,20,3,21,36
I02441484,20230924,P0066,S047,49,61,30,13,5,22,47
I01789609,20230312,P0767,S034,23,13,11,16,5,21,24
I01849943,20230730,P0905,S035,35,33,31,33,0,26,46
I01225170,20230528,P0117,S024,65,33,0,28,4,13,30
I00388345,20230402,P0328,S008,22,55,38,4,1,13,43
I01729318,20230820,P0629,S033,68,63,21,22,4,16,39
I01327595,20231217,P0049,S026,83,84,39,33,5,21,43
I00683115,20231217,P0889,S013,30,17,14,24,3,20,28
I01179889,20230115,P0263,S023,73,103,38,8,0,19,34
I02373432,20230924,P0782,S045,12,15,13,6,4,28,20
I00497329,20230723,P0384,S010,82,96,48,32,2,11,29
I01442470,20230528,P0217,S028,42,50,28,18,2,28,26
I01858738,20230709,P0071,S036,60,85,46,21,0,29,28
I01652021,20230312,P0171,S032,95,52,20,58,5,20,49
I01687541,20230521,P0841,S032,14,26,23,9,2,16,44
I00686684,20230416,P0957,S013,96,40,1,53,4,20,35
I00460882,20231119,P0696,S009,2,44,45,2,1,19,50
I02230015,20231001,P0076,S043,74,83,25,14,2,16,32
I01470845,20231015,P0752,S028,6,1,3,6,2,15,46
I00202063,20230702,P0813,S004,64,37,8,34,1,25,42
I02455213,20231008,P0325,S047,95,114,50,31,0,12,49
I01045939,20230910,P0735,S020,32,53,50,25,4,19,39
I00508518,20230903,P0595,S010,34,48,25,8,3,13,38
I01104297,20231015,P0836,S021,71,73,11,6,3,12,26
I01657558,20230903,P0275,S032,84,128,48,2,2,13,50
I01851847,20230702,P0941,S035,32,6,4,28,2,13,29
I00820428,20231008,P0480,S016,56,55,26,22,5,11,47
I00012580,20230507,P0238,S001,66,6,4,59,5,11,23
I01831053,20230226,P0549,S035,72,58,10,24,0,26,37
I01430093,20231119,P0983,S027,47,69,46,19,5,12,26
I01778786,20231231,P0562,S034,20,42,37,13,2,16,47
I01416560,20230716,P0728,S027,5,2,3,1,5,15,21
I01100512,20230514,P0765,S021,76,26,21,70,1,25,28
I00710456,20231029,P0405,S014,15,26,18,6,1,10,42
I01891773,20231029,P0694,S036,66,61,12,15,2,20,42
I01668519,20230625,P0482,S032,32,14,11,29,0,23,47
I01834577,20230827,P0615,S035,32,77,45,0,0,25,50
I02314606,20231022,P0672,S044,3,42,44,2,3,18,27
I00571751,20231001,P0788,S011,34,52,46,25,3,24,30
I01774777,20230507,P0487,S034,33,38,42,32,5,22,22
I02259047,20230709,P0624,S043,66,101,46,7,4,16,49
I02327021,20230115,P0907,S044,90,80,15,23,2,10,30
I02295408,20230730,P0310,S044,75,59,4,18,2,16,34
I02568516,20230723,P0463,S049,2,24,24,2,0,14,22
I00398491,20230910,P0519,S008,43,36,3,9,1,16,44
I01810428,20230101,P0160,S035,24,41,39,21,1,12,25
I01030545,20230326,P0445,S020,49,36,2,11,4,29,50
I01656776,20231203,P0260,S032,10,19,15,5,1,11,40
I01666494,20230409,P0444,S032,68,56,34,44,2,26,43
I01048303,20230416,P0780,S020,57,74,38,20,1,23,23
I00135425,20230305,P0556,S003,17,12,1,4,2,25,44
I00642958,20230409,P0132,S013,55,11,1,43,2,29,29
I02189964,20230122,P0321,S042,45,47,14,12,0,17,26
I00687208,20230305,P0967,S013,51,71,29,9,0,24,49
I01317307,20231105,P0855,S025,69,57,20,30,2,30,47
I01716982,20231119,P0396,S033,18,20,5,3,0,23,50
I02640130,20231008,P0814,S050,57,39,34,51,1,21,31
I00153403,20230521,P0895,S003,72,0,0,70,2,27,22
I01303476,20231119,P0594,S025,75,68,39,44,2,18,47
I00294171,20230521,P0551,S006,46,11,12,42,5,10,32
I02463021,20230129,P0473,S047,79,32,27,72,2,17,34
I00993115,20230101,P0739,S019,83,33,9,58,1,13,34
I02040250,20230409,P0496,S039,71,47,23,44,3,13,33
I01850207,20230723,P0910,S035,29,45,37,17,4,10,30
I00197524,20231112,P0727,S004,31,3,4,31,1,23,45
I00131408,20230521,P0480,S003,13,20,8,0,1,16,23
I02326137,20230514,P0890,S044,9,24,28,8,5,24,36
I00002677,20230702,P0051,S001,70,89,25,2,4,14,36
I00738806,20230924,P0940,S014,2,-3,0,2,3,19,35
I00598969,20230416,P0302,S012,92,94,33,30,1,28,40
I00409100,20231112,P0719,S008,14,55,49,4,4,29,45
I02465084,20230101,P0512,S047,17,21,16,8,4,13,25
I00532298,20230507,P0044,S011,88,37,31,81,1,16,28
I00006429,20230416,P0122,S001,9,46,45,3,5,28,37
I01048340,20231231,P0780,S020,63,68,26,16,5,29,28
I01597533,20230212,P0143,S031,18,26,15,5,2,23,30
I02189392,20230409,P0310,S042,91,33,10,66,2,29,27
I00341812,20230409,P0450,S007,86,45,39,79,1,12,42
I00860946,20230402,P0245,S017,41,24,26,39,4,13,21
I00234535,20230305,P0426,S005,83,20,4,66,1,24,35
I00489123,20230924,P0229,S010,1,45,46,0,2,11,45
I01308645,20230528,P0692,S025,65,80,27,7,5,13,33
I01050225,20230723,P0816,S020,84,8,7,82,1,20,34
I01900083,20230813,P0851,S036,29,39,16,3,3,28,37
I01055717,20230305,P0920,S020,24,28,22,17,1,14,44
I02011206,20230409,P0948,S038,19,53,50,12,4,27,43
I01713631,20230827,P0333,S033,95,57,11,46,3,27,37
I00593853,20231008,P0205,S012,25,50,40,14,1,25,22
I00912254,20230430,P0213,S018,37,27,14,20,4,22,45
I01659193,20230709,P0306,S032,65,73,36,28,0,17,23
I01694773,20231105,P0977,S032,89,124,38,3,0,14,21
I00484920,20230604,P0150,S010,94,56,17,55,0,22,27
I01870936,20230903,P0301,S036,70,80,41,29,2,26,43
I00751191,20230528,P0174,S015,65,81,42,23,3,10,43
I01158813,20230521,P0865,S022,31,37,32,23,3,23,20
I01192860,20231015,P0507,S023,9,44,41,4,2,25,49
I00761421,20230604,P0367,S015,88,56,6,38,0,11,20
I00802751,20230326,P0147,S016,15,45,38,8,0,25,47
I00838625,20230205,P0824,S016,13,42,35,5,1,20,33
I01461135,20230730,P0569,S028,96,42,29,83,0,25,20
I00709295,20231203,P0383,S014,62,94,44,7,5,24,26
I00587012,20230910,P0076,S012,16,54,46,5,3,29,45
I01083798,20230101,P0450,S021,18,40,40,13,5,13,35
I00345015,20230917,P0510,S007,27,6,5,26,0,30,20
I02549162,20230521,P0098,S049,89,63,41,66,1,15,26
I01687567,20231119,P0841,S032,53,64,17,3,3,24,26
I00129105,20231210,P0436,S003,64,41,41,60,4,27,46
I01527189,20231119,P0815,S029,44,70,42,13,3,10,50
I02019755,20230730,P0109,S039,7,49,43,1,0,26,31
I00602045,20230430,P0360,S012,72,1,1,70,2,21,27
